ID,Nombres,Apellidos,Email,Creado el,Actualizado el
23c0d5f8-17c9-4c92-b743-f662561e554f,Marshall,Matters,,2023-11-30T20:28:30-04:00,2024-01-22T23:15:55-04:00
20be17b5-065c-4d88-a3a9-6167ead560b3,Voltereta,Ramirez,VolteretaRamirez@gmai..com,2023-12-30T20:28:30-04:00,2023-12-30T20:28:30-04:00
2d7f68de-5c96-42ab-86c2-5b6b5c2f2c0d,Alice,Smith,asmith@example.com,2023-12-30T20:28:30-04:00,2023-12-30T20:28:30-04:00
34ca6cf3-1748-4c71-b6a2-3b4f2c48d3a9,Bob,Williams,bwilliams@example.com,2023-12-30T20:28:30-04:00,2023-12-30T20:28:30-04:00
5ebe2294-ecd0-44c3-be7b-ebb29ea2f6c4,Fiona,Jones,fjones@example.com,2023-12-30T20:28:30-04:00,2023-12-30T20:28:30-04:00
6512bd43-9ea5-4d9d-9b15-3b8d9bc6c6ac,Sam,Walker,swalker@example.com,2023-12-30T20:28:30-04:00,2023-12-30T20:28:30-04:00
7a8f5e08-0ba4-4fda-9b78-3b9e2f5826af,Emma,Miller,emiller@example.com,2023-12-30T20:28:30-04:00,2023-12-30T20:28:30-04:00
8dca9c67-2910-4b4c-95a9-8f6a4c8f2d3a,Cindy,Jones,cjones@example.com,2023-12-30T20:28:30-04:00,2023-12-30T20:28:30-04:00
8e296a06-9e77-402e-a429-bc76e6c71cbb,Julia,Anderson,janderson@example.com,2023-12-30T20:28:30-04:00,2023-12-30T20:28:30-04:00
8f14e45f-e8f4-317e-b9f9-5a1d8e6e2737,Olivia,Harris,oharris@example.com,2023-12-30T20:28:30-04:00,2023-12-30T20:28:30-04:00
a17a1a76-b599-4802-b711-9c5a3d1ea937,Isaac,Taylor,itaylor@example.com,2023-12-30T20:28:30-04:00,2023-12-30T20:28:30-04:00
a3f390d8-6eda-4b1e-9b21-3a3b2f24a3d9,Megan,Martin,mmartin@example.com,2023-12-30T20:28:30-04:00,2023-12-30T20:28:30-04:00
a5771bce-93e7-4b07-83f6-8b091a9a2c3c,Kyle,Thompson,kthompson@example.com,2023-12-30T20:28:30-04:00,2023-12-30T20:28:30-04:00
ab56b4d9-2eef-4c17-b8a9-5a1d8e6e2737,Quinn,Clark,qclark@example.com,2023-12-30T20:28:30-04:00,2023-12-30T20:28:30-04:00
c20ad4d7-6fe6-4a5b-9d5b-5a1d8e6e2737,Patrick,Lewis,plewis@example.com,2023-12-30T20:28:30-04:00,2023-12-30T20:28:30-04:00
d09bf415-55fc-4475-b805-7b90abdf13e4,Rebecca,Rodriguez,rrodriguez@example.com,2023-12-30T20:28:30-04:00,2023-12-30T20:28:30-04:00
d41d8cd9-8f00-3204-a980-0998ecf8427e,George,Davis,gdavis@example.com,2023-12-30T20:28:30-04:00,2023-12-30T20:28:30-04:00
d4ee26ee-7e6d-40e4-9b6e-5b836b2b91c7,John,Doe,jdoe@example.com,2023-12-30T20:28:30-04:00,2023-12-30T20:28:30-04:00
e47ff769-8f12-47a9-92a7-5c3b2a2b4cb5,David,Brown,dbrown@example.com,2023-12-30T20:28:30-04:00,2023-12-30T20:28:30-04:00
e8f6e39a-1d4f-4d89-b29d-8f6a4c8f2d3a,Nathan,Moore,nmoore@example.com,2023-12-30T20:28:30-04:00,2023-12-30T20:28:30-04:00
869252b8-c1f6-40f9-ba8d-c22317d9062b,Perspectiva,Durante,brayanmc.contacto@gmail.com